Delete cascade causes NULL values inserted into table when after delete Trigger fires    When an after delete trigger which inserts into a table is created on a table that has a foreign key that references a primary key and uses the on delete cascade constraint  nulls are inserted into the table by the trigger.The SQL below shows that the cascade delete works correctly:ij&gt; CREATE TABLE TABLE1 ( X INT PRIMARY KEY );0 rows inserted/updated/deletedij&gt; CREATE TABLE TABLE1_DELETIONS ( X INT );0 rows inserted/updated/deletedij&gt; CREATE TABLE TABLE2 ( Y INT  CONSTRAINT Y_AND_X FOREIGN KEY(Y) REFERENCES TABLE1(X) ON DELETE CASCADE);0 rows inserted/updated/deletedij&gt; CREATE TABLE TABLE2_DELETIONS ( Y INT );0 rows inserted/updated/deletedij&gt; INSERT INTO TABLE1 VALUES (0);1 row inserted/updated/deletedij&gt; INSERT INTO TABLE2 VALUES (0);1 row inserted/updated/deletedij&gt; INSERT INTO TABLE1 VALUES (1);1 row inserted/updated/deletedij&gt; INSERT INTO TABLE2 VALUES (1);1 row inserted/updated/deletedij&gt; select * from table1;X-----------012 rows selectedij&gt; select * from table2;Y-----------012 rows selectedij&gt; DELETE FROM TABLE1;2 rows inserted/updated/deletedij&gt; select * from table1;X-----------0 rows selectedij&gt; select * from table2;Y-----------0 rows selectedNow insert the rows again  create the triggers  delete the rows from the primary key table  verify the cascade delete worked and observe the values in the tables used by the triggers:ij&gt; INSERT INTO TABLE1 VALUES(0);1 row inserted/updated/deletedij&gt; INSERT INTO TABLE2 VALUES(0);1 row inserted/updated/deletedij&gt; INSERT INTO TABLE1 VALUES(1);1 row inserted/updated/deletedij&gt; INSERT INTO TABLE2 VALUES(1);1 row inserted/updated/deletedij&gt; CREATE TRIGGER TRIGGER1 AFTER DELETE ON TABLE1 REFERENCING OLD AS OLD_ROW FOR EACH ROW MODE DB2SQL INSERT INTO TABLE1_DELETIONS VALUES (OLD_ROW.X);0 rows inserted/updated/deletedij&gt; CREATE TRIGGER TRIGGER2 AFTER DELETE ON TABLE2 REFERENCING OLD AS OLD_ROW FOR EACH ROW MODE DB2SQL INSERT INTO TABLE2_DELETIONS VALUES (OLD_ROW.Y);0 rows inserted/updated/deletedij&gt; DELETE FROM TABLE1;2 rows inserted/updated/deletedij&gt; select * from TABLE1;X-----------0 rows selectedij&gt; select * from TABLE2;Y-----------0 rows selectedij&gt; SELECT * FROM TABLE1_DELETIONS;X-----------012 rows selectedij&gt; SELECT * FROM TABLE2_DELETIONS;Y-----------NULLNULLThe TABLE2_DELETIONS table contains NULLs instead of the correct values which should be 0 and 1.   